{
    "samples":
    [
        {
            "Kp": 0.4, 
            "Ti": 0.8, 
            "Td": 0.5, 
            "beta": 2.5,
            "eta": 0.8,
            "x_c": 0.25,
            "target-ent": 0.1135579764419388,
            "closed-loop": true,
            "P-matrix": [36.7614241, -88.2050467, -88.2050467, 213.6134806]
        },
        {
            "Kp": 0.3, 
            "Ti": 0.7, 
            "Td": 0.4, 
            "beta": 2.0,
            "eta": 0.7,
            "x_c": 0.5,
            "target-ent": 0.1135579764419388,
            "closed-loop": true,
            "P-matrix": [36.7614241, -88.2050467, -88.2050467, 213.6134806]
        }
    ]
}